{"cameraMode":{"drawMode":0,"name":"Shaded","section":"Shading Mode"},"sceneLighting":false,"audioPlay":false,"sceneViewState":{"showFog":true,"showMaterialUpdate":false,"showSkybox":true,"showFlares":true,"showImageEffects":true,"showParticleSystems":true},"in2DMode":false,"pivot":{"x":0.44303935766220095,"y":1.3182218074798585,"z":0.4156794250011444},"rotation":{"x":0.01045550312846899,"y":0.9519392251968384,"z":-0.032691262662410739,"w":0.30517587065696719},"size":3.2336251735687258,"orthographic":false}