{"cameraMode":{"drawMode":0,"name":"Shaded","section":"Shading Mode"},"sceneLighting":false,"audioPlay":false,"sceneViewState":{"showFog":true,"showMaterialUpdate":false,"showSkybox":true,"showFlares":true,"showImageEffects":true,"showParticleSystems":true},"in2DMode":false,"pivot":{"x":-0.04265618324279785,"y":1.5497992038726807,"z":-0.5885741710662842},"rotation":{"x":-0.11937164515256882,"y":0.8239256143569946,"z":-0.18884514272212983,"w":-0.5208168029785156},"size":6.217010498046875,"orthographic":false}