{"cameraMode":{"drawMode":0,"name":"Shaded","section":"Shading Mode"},"sceneLighting":false,"audioPlay":false,"sceneViewState":{"showFog":true,"showMaterialUpdate":false,"showSkybox":true,"showFlares":true,"showImageEffects":true,"showParticleSystems":true},"in2DMode":false,"pivot":{"x":-0.9301246404647827,"y":-0.3765079081058502,"z":1.12259840965271},"rotation":{"x":-0.1903592348098755,"y":0.2775358259677887,"z":-0.05620446056127548,"w":-0.9399904608726502},"size":2.971576452255249,"orthographic":false}