{"cameraMode":{"drawMode":0,"name":"Shaded","section":"Shading Mode"},"sceneLighting":false,"audioPlay":false,"sceneViewState":{"showFog":true,"showMaterialUpdate":false,"showSkybox":true,"showFlares":true,"showImageEffects":true,"showParticleSystems":true},"in2DMode":false,"pivot":{"x":0.13391447067260743,"y":2.1470634937286379,"z":0.14571285247802735},"rotation":{"x":0.027340853586792947,"y":0.8870301842689514,"z":-0.05260196328163147,"w":0.4581785798072815},"size":3.544877529144287,"orthographic":false}