{"cameraMode":{"drawMode":0,"name":"Shaded","section":"Shading Mode"},"sceneLighting":false,"audioPlay":false,"sceneViewState":{"showFog":true,"showMaterialUpdate":false,"showSkybox":true,"showFlares":true,"showImageEffects":true,"showParticleSystems":true},"in2DMode":false,"pivot":{"x":-1.0540915727615357,"y":-0.19197799265384675,"z":0.07583912461996079},"rotation":{"x":-0.11937164515256882,"y":0.8239256143569946,"z":-0.18884514272212983,"w":-0.5208168029785156},"size":6.874512195587158,"orthographic":false}