{"cameraMode":{"drawMode":0,"name":"Shaded","section":"Shading Mode"},"sceneLighting":false,"audioPlay":false,"sceneViewState":{"showFog":true,"showMaterialUpdate":false,"showSkybox":true,"showFlares":true,"showImageEffects":true,"showParticleSystems":true},"in2DMode":false,"pivot":{"x":0.13440005481243134,"y":1.0975552797317505,"z":0.1433994323015213},"rotation":{"x":0.003007683204486966,"y":0.99623703956604,"z":-0.07767407596111298,"w":0.038582392036914828},"size":2.9336252212524416,"orthographic":false}