{"cameraMode":{"drawMode":0,"name":"Shaded","section":"Shading Mode"},"sceneLighting":false,"audioPlay":false,"sceneViewState":{"showFog":true,"showMaterialUpdate":false,"showSkybox":true,"showFlares":true,"showImageEffects":true,"showParticleSystems":true},"in2DMode":false,"pivot":{"x":-2.391350507736206,"y":-0.0684862807393074,"z":-2.4143106937408449},"rotation":{"x":0.09342199563980103,"y":-0.8771438002586365,"z":0.18997949361801148,"w":0.43116965889930727},"size":6.217010498046875,"orthographic":false}