{"cameraMode":{"drawMode":0,"name":"Shaded","section":"Shading Mode"},"sceneLighting":false,"audioPlay":false,"sceneViewState":{"showFog":true,"showMaterialUpdate":false,"showSkybox":true,"showFlares":true,"showImageEffects":true,"showParticleSystems":true},"in2DMode":false,"pivot":{"x":-37.14931106567383,"y":-6.113036632537842,"z":2.5666959285736086},"rotation":{"x":-0.05860520154237747,"y":0.6811893582344055,"z":-0.05479235202074051,"w":-0.7278048992156982},"size":40.010372161865237,"orthographic":false}