{"cameraMode":{"drawMode":0,"name":"Shaded","section":"Shading Mode"},"sceneLighting":false,"audioPlay":false,"sceneViewState":{"showFog":true,"showMaterialUpdate":false,"showSkybox":true,"showFlares":true,"showImageEffects":true,"showParticleSystems":true},"in2DMode":false,"pivot":{"x":26.728866577148439,"y":-8.777441024780274,"z":107.61359405517578},"rotation":{"x":-0.042811959981918338,"y":-0.1492970734834671,"z":0.0064653498120605949,"w":-0.9878764748573303},"size":224.4242706298828,"orthographic":false}