{"cameraMode":{"drawMode":0,"name":"Shaded","section":"Shading Mode"},"sceneLighting":false,"audioPlay":false,"sceneViewState":{"showFog":true,"showMaterialUpdate":false,"showSkybox":true,"showFlares":true,"showImageEffects":true,"showParticleSystems":true},"in2DMode":false,"pivot":{"x":-15.593676567077637,"y":-0.12641313672065736,"z":2.1987550258636476},"rotation":{"x":0.02313031069934368,"y":-0.6861329674720764,"z":0.02183031477034092,"w":0.7268374562263489},"size":18.288394927978517,"orthographic":false}