{"cameraMode":{"drawMode":0,"name":"Shaded","section":"Shading Mode"},"sceneLighting":false,"audioPlay":false,"sceneViewState":{"showFog":true,"showMaterialUpdate":false,"showSkybox":true,"showFlares":true,"showImageEffects":true,"showParticleSystems":true},"in2DMode":false,"pivot":{"x":20.00393295288086,"y":-17.380979537963868,"z":105.4386978149414},"rotation":{"x":-0.05640307441353798,"y":-0.11505547910928726,"z":0.006538833025842905,"w":-0.9917674660682678},"size":224.4242706298828,"orthographic":false}