{"cameraMode":{"drawMode":0,"name":"Shaded","section":"Shading Mode"},"sceneLighting":false,"audioPlay":false,"sceneViewState":{"showFog":true,"showMaterialUpdate":false,"showSkybox":true,"showFlares":true,"showImageEffects":true,"showParticleSystems":true},"in2DMode":false,"pivot":{"x":-223.75494384765626,"y":-51.855613708496097,"z":103.48969268798828},"rotation":{"x":-0.07918205112218857,"y":-0.03438026085495949,"z":0.0027277441695332529,"w":-0.9962961077690125},"size":499.380615234375,"orthographic":false}