{"cameraMode":{"drawMode":0,"name":"Shaded","section":"Shading Mode"},"sceneLighting":true,"audioPlay":false,"sceneViewState":{"showFog":true,"showMaterialUpdate":false,"showSkybox":true,"showFlares":true,"showImageEffects":true,"showParticleSystems":true},"in2DMode":false,"pivot":{"x":-0.2295851707458496,"y":0.006342887878417969,"z":0.26176929473876955},"rotation":{"x":-0.05264750123023987,"y":0.9380052089691162,"z":-0.16422513127326966,"w":-0.3009593188762665},"size":30.007781982421876,"orthographic":false}