{"cameraMode":{"drawMode":0,"name":"Shaded","section":"Shading Mode"},"sceneLighting":false,"audioPlay":false,"sceneViewState":{"showFog":true,"showMaterialUpdate":false,"showSkybox":true,"showFlares":true,"showImageEffects":true,"showParticleSystems":true},"in2DMode":false,"pivot":{"x":-22.322141647338868,"y":-4.1894755363464359,"z":2.9546828269958498},"rotation":{"x":-0.08775400370359421,"y":0.6985331773757935,"z":-0.0869036540389061,"w":-0.7049495577812195},"size":30.061756134033204,"orthographic":false}