{"cameraMode":{"drawMode":0,"name":"Shaded","section":"Shading Mode"},"sceneLighting":false,"audioPlay":false,"sceneViewState":{"showFog":true,"showMaterialUpdate":false,"showSkybox":true,"showFlares":true,"showImageEffects":true,"showParticleSystems":true},"in2DMode":false,"pivot":{"x":0.012171618640422821,"y":0.9848954677581787,"z":0.15642690658569337},"rotation":{"x":0.001720195752568543,"y":0.9951251149177551,"z":-0.0971425399184227,"w":0.01762428507208824},"size":2.9336252212524416,"orthographic":false}