{"cameraMode":{"drawMode":0,"name":"Shaded","section":"Shading Mode"},"sceneLighting":false,"audioPlay":false,"sceneViewState":{"showFog":true,"showMaterialUpdate":false,"showSkybox":true,"showFlares":true,"showImageEffects":true,"showParticleSystems":true},"in2DMode":false,"pivot":{"x":-1.0884013175964356,"y":0.6405441164970398,"z":-0.911994457244873},"rotation":{"x":-0.12370333820581436,"y":-0.28024426102638247,"z":0.03642270341515541,"w":-0.9512637853622437},"size":0.5715767741203308,"orthographic":false}